Pais,Ciudad,Año,Rubro,Media,D1,D2,D3,D4,D5,D6,D7,D8,D9,D10,con 0,sin 0
Bolivia,Bolivia,2007,Alimentos,"1,492.1",71.3,70.4,66.5,64.7,64.0,61.4,60.7,56.8,50.9,39.2,0.3185,0.3183
Bolivia,Bolivia,2007,No alimentos,549.0,11.2,12.0,14.2,14.9,14.6,15.7,15.6,17.3,19.3,28.3,0.5971,0.5957
Bolivia,Bolivia,2007,Gastos en vivienda y servicios de de la vivienda,539.0,13.6,13.0,14.4,15.4,16.3,17.4,17.8,19.4,21.8,22.8,0.5471,0.5471
Bolivia,Bolivia,2007,Educacion,199.8,4.0,4.6,5.0,5.0,5.1,5.5,6.0,6.5,8.0,9.7,0.6906,0.6149
Bolivia,La Paz,2007,Alimentos,"1,436.0",72.7,70.3,67.4,67.7,64.9,65.6,59.3,57.6,47.2,35.8,0.3109,0.3109
Bolivia,La Paz,2007,No alimentos,527.5,8.7,11.9,12.7,13.6,13.7,13.3,16.5,14.8,18.9,27.8,0.6243,0.6218
Bolivia,La Paz,2007,Gastos en vivienda y servicios de de la vivienda,528.6,12.5,11.8,14.3,12.9,14.0,14.8,16.7,18.9,23.2,23.5,0.5856,0.5856
Bolivia,La Paz,2007,Educacion,262.0,6.1,6.1,5.7,5.9,7.3,6.3,7.5,8.6,10.8,12.9,0.6960,0.6089
Bolivia,Santa Cruz,2007,Alimentos,"1,679.2",67.1,64.3,62.5,63.0,62.9,60.2,57.6,52.8,52.1,42.8,0.3038,0.3033
Bolivia,Santa Cruz,2007,No alimentos,551.5,11.5,16.4,13.8,15.2,14.7,15.9,15.7,19.9,18.2,20.9,0.5031,0.5029
Bolivia,Santa Cruz,2007,Gastos en vivienda y servicios de de la vivienda,677.9,18.9,16.5,18.6,18.2,18.4,18.6,21.5,23.1,22.8,25.4,0.4888,0.4888
Bolivia,Santa Cruz,2007,Educacion,203.0,2.6,2.8,5.1,3.5,4.0,5.4,5.1,4.1,6.9,11.0,0.7020,0.6324
Chile,Chile,2007,Alimentos,"43,101.7",,44.9,44.9,44.9,44.9,44.9,44.9,44.9,44.9,44.9,0.3551,0.3551
Chile,Chile,2007,Vestido y calzado,"10,036.0",,3.1,3.1,3.1,3.1,3.1,3.1,3.1,3.1,3.1,0.7255,0.6192
Chile,Chile,2007,"Vivienda, agua y combustible","28,140.8",19.1,19.1,19.1,19.1,19.1,19.1,19.1,19.1,19.1,19.1,0.5999,0.5967
Chile,Chile,2007,Equipamiento,"14,638.4",5.3,5.3,5.3,5.3,5.3,5.3,5.3,5.3,5.3,5.3,0.6816,0.6621
Chile,Chile,2007,Salud,"10,375.2",1.2,1.2,1.2,1.2,1.2,1.2,1.2,1.2,1.2,1.2,0.8228,0.7379
Chile,Chile,2007,Transporte y comunicaciones,"43,642.2",15.4,15.4,15.4,15.4,15.4,15.4,15.4,15.4,15.4,15.4,0.6543,0.6483
Chile,Chile,2007,Recreacion,"7,821.6",2.6,2.6,2.6,2.6,2.6,2.6,2.6,2.6,2.6,2.6,0.7338,0.6647
Chile,Chile,2007,Educacion,"11,306.8",2.9,2.9,2.9,2.9,2.9,2.9,2.9,2.9,2.9,2.9,0.8049,0.7093
Chile,Chile,2007,Otros,"22,831.9",5.4,5.4,5.4,5.4,5.4,5.4,5.4,5.4,5.4,5.4,0.7057,0.6912
Chile,Gran Santiago,2007,Alimentos,"46,125.8",45.2,41.4,37.8,36.0,33.9,31.3,29.1,24.7,19.5,12.6,0.3549,0.3549
Chile,Gran Santiago,2007,Vestido y calzado,"10,931.9",3.0,4.6,5.1,5.6,5.8,6.3,6.0,6.1,5.3,4.7,0.7225,0.6198
Chile,Gran Santiago,2007,"Vivienda, agua y combustible","30,185.6",20.0,16.4,15.5,15.3,14.3,14.5,14.1,14.1,14.2,14.2,0.5951,0.5921
Chile,Gran Santiago,2007,Equipamiento,"15,868.3",4.7,5.4,6.1,5.7,6.4,6.3,7.0,7.3,8.4,8.5,0.6893,0.6715
Chile,Gran Santiago,2007,Salud,"11,788.4",1.4,2.4,3.0,2.6,3.5,4.7,4.2,5.7,7.0,6.8,0.8269,0.7473
Chile,Gran Santiago,2007,Transporte y comunicaciones,"46,704.8",14.2,15.3,16.2,17.1,17.7,17.7,18.2,19.7,21.0,27.9,0.6586,0.6505
Chile,Gran Santiago,2007,Recreacion,"8,568.3",2.2,3.5,3.2,3.9,3.4,4.2,4.1,4.2,4.2,4.3,0.7385,0.6715
Chile,Gran Santiago,2007,Educacion,"12,906.7",3.4,3.7,4.6,4.0,5.2,5.0,6.3,7.7,8.4,5.8,0.8037,0.7118
Chile,Gran Santiago,2007,Otros,"25,833.3",5.8,7.5,8.4,9.7,9.8,10.0,10.9,10.4,12.0,15.3,0.7049,0.6905
Colombia,Colombia,2007,"Alimento, bebida y tabaco","873,899",51.5,58.7,60.8,59.4,58.3,58.8,55.7,51.9,49.3,38.7,0.4303,0.4093
Colombia,Colombia,2007,Vestido y calzado,"68,119",5.2,3.6,3.4,3.7,3.7,3.4,3.9,4.0,4.1,4.1,0.7205,0.5840
Colombia,Colombia,2007,Vivienda y servicios básicos,"77,979",11.5,7.8,6.3,5.6,5.4,4.7,4.4,4.2,4.0,3.3,0.4962,0.4426
Colombia,Colombia,2007,Equipamiento y mantenimiento de vivienda,"38,429",4.4,2.5,2.1,2.2,1.9,1.8,1.7,2.1,2.1,2.5,0.5975,0.5945
Colombia,Colombia,2007,Salud,"25,187",1.8,1.4,1.6,1.3,1.3,1.5,1.4,1.2,1.5,1.6,0.7994,0.6984
Colombia,Colombia,2007,Transporte y comunicaciones,"213,042",7.8,9.3,8.8,9.4,10.3,10.4,11.3,11.9,12.7,15.1,0.6605,0.5946
Colombia,Colombia,2007,Recreacion,"37,479",2.1,1.9,1.8,1.9,1.8,1.9,2.0,2.0,2.3,2.5,0.7400,0.6433
Colombia,Colombia,2007,Educacion,"44,295",1.6,1.4,1.2,1.4,1.3,1.4,2.0,2.5,2.3,4.1,0.8523,0.7650
Colombia,Colombia,2007,Restaurantes y hoteles,"205,373",5.6,7.7,8.7,9.8,10.1,10.5,11.4,12.8,13.1,13.3,0.7198,0.5934
Colombia,Colombia,2007,Otros,"159,445",8.6,5.8,5.4,5.4,5.9,5.7,6.2,7.3,8.7,14.8,0.7234,0.7208
Colombia,Bogota,2007,"Alimento, bebida y tabaco","859,468",45.3,45.1,46.6,46.1,48.5,38.4,40.0,38.3,35.4,23.8,0.4135,0.4003
Colombia,Bogota,2007,Vestido y calzado,"108,269",3.7,3.6,4.7,4.3,5.6,3.9,5.6,3.6,5.2,4.2,0.6783,0.5630
Colombia,Bogota,2007,Vivienda y servicios básicos,"112,380",10.4,7.5,6.9,5.7,4.9,3.6,6.0,4.6,3.9,3.5,0.4361,0.4092
Colombia,Bogota,2007,Equipamiento y mantenimiento de vivienda,"60,021",2.5,3.4,2.4,2.3,1.6,2.1,2.2,2.5,3.1,2.5,0.5904,0.5849
Colombia,Bogota,2007,Salud,"43,460",1.7,2.3,1.3,1.8,2.6,0.9,1.3,1.9,2.2,1.8,0.7752,0.6925
Colombia,Bogota,2007,Transporte y comunicaciones,"352,128",13.9,12.8,13.1,14.2,13.3,14.9,15.1,13.8,13.9,15.9,0.5517,0.5353
Colombia,Bogota,2007,Recreacion,"60,040",1.5,2.8,1.9,2.5,1.7,2.1,2.0,2.5,3.1,2.7,0.6796,0.5982
Colombia,Bogota,2007,Educacion,"105,910",2.2,2.3,1.9,2.2,1.8,4.5,4.6,3.0,4.7,6.6,0.7959,0.6995
Colombia,Bogota,2007,Restaurantes y hoteles,"371,885",12.7,12.1,15.3,11.8,13.8,19.5,15.8,16.7,16.7,14.7,0.6065,0.5384
Colombia,Bogota,2007,Otros,"338,701",6.1,8.1,5.9,9.0,6.3,9.9,7.4,13.0,11.8,24.4,0.7214,0.7184
Colombia,Medellín,2007,"Alimento, bebida y tabaco","911,186",37.9,50.8,54.6,53.7,54.7,53.6,50.5,52.1,51.4,51.0,0.5477,0.5252
Colombia,Medellín,2007,Vestido y calzado,"67,972",10.8,5.8,4.9,5.8,4.2,4.3,4.1,3.7,4.0,3.0,0.7097,0.5562
Colombia,Medellín,2007,Vivienda y servicios básicos,"94,447",20.0,13.0,9.9,9.6,7.3,6.6,6.3,5.5,4.2,3.1,0.4344,0.3900
Colombia,Medellín,2007,Equipamiento y mantenimiento de vivienda,"37,371",5.9,3.3,2.7,2.5,2.0,2.4,1.8,2.1,2.1,1.9,0.6093,0.6050
Colombia,Medellín,2007,Salud,"23,963",2.0,1.3,1.1,1.4,1.7,1.4,1.1,1.5,1.3,1.4,0.8201,0.7193
Colombia,Medellín,2007,Transporte y comunicaciones,"244,480",7.1,10.3,10.3,11.7,12.6,13.0,14.3,14.8,14.6,14.9,0.6908,0.6216
Colombia,Medellín,2007,Recreacion,"30,899",2.0,2.2,1.7,1.5,1.8,1.7,1.9,1.8,1.4,1.9,0.7340,0.6251
Colombia,Medellín,2007,Educacion,"38,764",2.0,1.8,1.2,1.4,1.2,1.7,1.9,2.1,2.4,2.8,0.8569,0.7568
Colombia,Medellín,2007,Restaurantes y hoteles,"151,190",1.4,4.2,7.4,5.8,7.9,8.7,10.7,9.1,10.0,8.4,0.7458,0.5892
Colombia,Medellín,2007,Otros,"155,239",10.8,7.4,6.1,6.6,6.6,6.6,7.3,7.4,8.7,11.5,0.7271,0.7243
Colombia,Cali,2007,"Alimento, bebida y tabaco","881,108",46.4,45.1,50.0,43.6,52.9,53.6,50.8,48.3,43.7,35.4,0.4308,0.4179
Colombia,Cali,2007,Vestido y calzado,"83,199",4.1,4.8,3.8,4.1,3.8,4.0,3.9,4.0,4.2,4.9,0.6663,0.5679
Colombia,Cali,2007,Vivienda y servicios básicos,"92,607",10.3,8.9,5.8,7.0,5.1,4.9,4.3,4.7,4.8,`,0.4382,0.3718
Colombia,Cali,2007,Equipamiento y mantenimiento de vivienda,"43,583",2.6,2.1,2.1,1.7,1.6,1.7,1.8,2.2,2.8,2.6,0.5959,0.5914
Colombia,Cali,2007,Salud,"27,081",1.6,1.9,1.3,1.5,1.6,1.8,1.2,1.1,1.4,1.3,0.7367,0.6406
Colombia,Cali,2007,Transporte y comunicaciones,"270,527",10.3,12.3,12.2,14.3,11.7,11.2,12.4,12.5,14.5,17.2,0.6067,0.5705
Colombia,Cali,2007,Recreacion,"50,188",1.8,2.0,2.2,3.2,3.6,1.9,2.1,2.7,2.7,2.7,0.6203,0.5598
Colombia,Cali,2007,Educacion,"45,958",2.4,1.3,1.8,1.4,1.5,2.3,1.4,2.8,2.3,3.4,0.7951,0.6953
Colombia,Cali,2007,Restaurantes y hoteles,"281,973",14.7,15.6,13.3,15.7,13.1,12.5,15.2,14.9,14.4,15.0,0.5895,0.5341
Colombia,Cali,2007,Otros,"176,854",5.8,6.1,7.5,7.6,5.1,6.0,7.0,6.9,9.1,14.5,0.6641,0.6615
Ecuador,Ecuador,2006,Alimentos,203.3,56.2,56.5,54.7,52.1,51.6,49.2,46.0,41.6,35.4,17.7,0.2905,0.2901
Ecuador,Ecuador,2006,Vestido y Calzado,26.6,3.5,3.6,3.8,3.9,4.2,4.7,5.0,5.3,6.0,4.6,0.6507,0.5994
Ecuador,Ecuador,2006,Vivienda y servicios de la vivienda,168.4,25.6,23.7,24.6,25.1,25.1,25.7,26.8,29.1,30.7,36.1,0.5473,0.5473
Ecuador,Ecuador,2006,Energia,3.8,2.0,1.6,1.2,1.2,0.9,0.9,0.8,0.7,0.6,0.3,0.4331,0.4035
Ecuador,Ecuador,2006,Salud,39.2,4.5,5.0,5.5,5.4,5.8,6.6,6.6,6.9,7.2,8.4,0.6992,0.6833
Ecuador,Ecuador,2006,Educacion,22.6,1.6,1.6,1.5,1.8,1.7,1.6,1.9,1.9,2.1,8.5,0.8574,0.8195
Ecuador,Ecuador,2006,Esparcimiento,16.4,0.9,1.6,1.8,2.3,2.1,2.4,2.7,2.7,3.3,3.8,0.8363,0.7260
Ecuador,Ecuador,2006,Otros,77.2,5.7,6.3,6.9,8.3,8.6,8.9,10.3,11.7,14.7,20.7,0.6890,0.6855
Ecuador,Guayaquil,2006,Alimentos,234.3,52.7,51.8,51.0,53.2,47.1,47.9,43.1,38.8,34.8,20.9,0.2526,0.2523
Ecuador,Guayaquil,2006,Vestido y Calzado,33.6,3.6,3.5,3.7,5.1,4.9,4.8,4.9,6.2,6.2,6.3,0.6212,0.5788
Ecuador,Guayaquil,2006,Vivienda y servicios de la vivienda,187.1,29.3,27.9,27.2,24.7,27.9,25.4,32.1,30.9,31.6,33.1,0.4295,0.4295
Ecuador,Guayaquil,2006,Energia,2.8,0.9,0.7,0.8,0.6,0.6,0.6,0.4,0.5,0.3,0.2,0.3298,0.2884
Ecuador,Guayaquil,2006,Salud,47.5,4.0,4.4,5.2,5.3,5.9,7.5,6.5,7.0,8.3,10.8,0.6610,0.6553
Ecuador,Guayaquil,2006,Educacion,13.9,1.4,2.0,1.6,1.4,1.8,1.7,1.4,1.9,2.1,3.6,0.7189,0.6490
Ecuador,Guayaquil,2006,Esparcimiento,16.4,1.5,1.9,2.4,1.7,2.4,2.7,2.3,2.5,3.7,2.9,0.7745,0.6713
Ecuador,Guayaquil,2006,Otros,84.1,6.7,7.8,8.0,8.1,9.4,9.4,9.3,12.3,13.0,22.2,0.6258,0.6255
El Salvador,El Salvador,2010,Alimentos,35.8,58.2,55.6,54.2,52.4,50.3,47.9,45.8,42.8,39.9,30.7,0.3239,0.3239
El Salvador,El Salvador,2010,Empleo,9.1,1.8,3.8,5.9,7.1,8.3,10.0,11.6,12.7,12.6,12.4,0.7516,0.5040
El Salvador,El Salvador,2010,Artículos y Servicios,9.6,12.6,12.1,11.9,11.0,11.0,10.7,10.5,10.8,10.7,11.9,0.4606,0.4604
El Salvador,El Salvador,2010,Vivienda,16.6,8.7,9.5,10.4,12.3,14.1,15.4,16.4,18.5,20.6,28.0,0.6190,0.6177
El Salvador,El Salvador,2010,Salud,1.3,0.7,0.7,0.9,1.0,1.0,1.1,1.4,1.3,1.3,2.2,0.9530,0.7201
El Salvador,El Salvador,2010,Educacion,12.9,18.0,18.2,16.7,16.2,15.3,14.8,14.2,13.9,14.8,14.8,0.5987,0.4596
El Salvador,San Salvador,2010,Alimentos,42.1,51.2,49.3,47.6,43.7,43.0,40.9,39.6,38.8,34.0,27.3,0.2940,0.2940
El Salvador,San Salvador,2010,Empleo,14.0,7.9,9.4,11.2,14.2,12.4,11.5,14.2,13.6,14.8,10.8,0.6209,0.4837
El Salvador,San Salvador,2010,Artículos y Servicios,13.0,11.7,10.8,10.1,10.6,10.4,11.3,11.2,11.1,10.9,12.9,0.4604,0.4604
El Salvador,San Salvador,2010,Vivienda,26.2,13.2,16.1,17.2,16.5,18.6,20.9,20.0,21.1,24.0,31.6,0.5396,0.5392
El Salvador,San Salvador,2010,Salud,0.9,0.4,0.4,0.6,0.7,0.9,0.7,0.7,0.6,0.6,1.4,0.9533,0.6417
El Salvador,San Salvador,2010,Educacion,17.1,15.7,14.1,13.5,14.3,14.6,14.7,14.3,14.8,15.6,16.1,0.5924,0.4568
Guatemala,Guatemala,2011,Alimentos,"2,454",58.6,60.5,59.7,59.8,58.4,56.6,56.2,51.5,44.8,18.2,0.2578,0.2558
Guatemala,Guatemala,2011,Vivienda y servicios de la vivienda,"1,831",15.1,13.1,13.0,13.1,13.6,13.7,14.3,16.2,20.0,59.8,0.7630,0.7629
Guatemala,Guatemala,2011,Energía,357,12.3,10.2,10.2,8.9,8.4,8.1,7.5,6.8,6.1,2.5,0.2910,0.2880
Guatemala,Guatemala,2011,Educacion,61,0.5,0.6,0.7,0.8,1.0,1.0,1.0,1.3,1.6,1.0,0.7705,0.6985
Guatemala,Guatemala,2011,Salud,50,0.8,0.8,0.9,0.7,0.8,0.9,0.9,1.1,1.1,0.7,0.8549,0.7440
Guatemala,Guatemala,2011,Otros,"1,141",12.7,14.8,15.6,16.8,17.8,19.7,20.0,23.1,26.4,17.8,0.5160,0.4969
Guatemala,Guatemala (Departamento),2011,Alimentos,"2,501",51,49,48,47,47,43,42,36,31,15,0.2426,0.2409
Guatemala,Guatemala (Departamento),2011,Vivienda y servicios de la vivienda,"2,642",19,20,21,20,20,21,21,24,28,58,0.6550,0.6550
Guatemala,Guatemala (Departamento),2011,Energía,373,9,8,7,7,6,6,5,6,5,2,0.2836,0.2827
Guatemala,Guatemala (Departamento),2011,Educacion,134,1,1,2,2,2,2,2,2,2,1,0.6755,0.5810
Guatemala,Guatemala (Departamento),2011,Salud,67,1,1,1,1,2,1,1,1,1,1,0.8191,0.7048
Guatemala,Guatemala (Departamento),2011,Otros,"1,985",19,21,21,23,24,27,28,31,34,23,0.4728,0.4626
Mexico,Mexico,2010," Alimentos, bebidas y tabaco",673.2,40.7,39.1,37.8,37.0,35.7,33.5,31.9,30.0,27.1,19.8,0.3936,0.3906
Mexico,Mexico,2010, Vestido y calzado,114.1,5.1,4.8,4.8,4.7,4.8,4.8,4.7,5.0,5.0,4.5,0.6366,0.5669
Mexico,Mexico,2010," Vivienda, combustibles y energía",590.1,24.8,24.7,24.4,24.3,24.1,24.5,24.8,23.8,23.9,24.9,0.5198,0.5190
Mexico,Mexico,2010, Limpieza y enseres domésticos,127.4,5.8,5.1,4.7,4.7,4.4,4.4,4.4,4.6,4.6,6.5,0.6188,0.6140
Mexico,Mexico,2010, Cuidados de la salud,55.2,1.2,1.5,1.5,1.3,1.5,1.6,1.7,2.2,2.3,3.1,0.8856,0.7761
Mexico,Mexico,2010, Transporte y comunicaciones,381.2,6.8,9.7,11.7,13.0,13.9,15.2,15.7,16.4,17.3,17.4,0.6054,0.5664
Mexico,Mexico,2010, Educacion y esparcimiento,280.3,5.3,6.2,6.8,6.8,8.1,8.6,9.4,10.6,12.0,15.7,0.7590,0.6757
Mexico,Mexico,2010, Cuidados personales y otros gastos,168.0,7.6,7.4,7.0,7.0,6.7,6.4,6.1,6.3,6.7,7.6,0.5645,0.5612
Mexico,Mexico,2010, Autoconsumo,22.7,2.8,1.5,1.2,1.1,0.9,1.1,1.2,1.2,1.0,0.6,0.9544,0.6307
Mexico,Valle de Mexico,2010," Alimentos, bebidas y tabaco",943,40.6,40.3,37.8,35.4,35.3,34.1,32.4,29.5,26.9,18.9,0.3795,0.3779
Mexico,Valle de Mexico,2010, Vestido y calzado,142,3.1,3.0,4.3,3.8,4.3,4.5,4.3,4.6,4.1,4.0,0.6680,0.5883
Mexico,Valle de Mexico,2010," Vivienda, combustibles y energía",984,29.3,27.2,25.9,27.8,27.3,26.7,27.5,27.2,28.8,29.6,0.5339,0.5338
Mexico,Valle de Mexico,2010, Limpieza y enseres domésticos,168,3.5,3.8,3.5,3.2,3.1,3.4,3.2,3.7,4.2,6.9,0.6913,0.6885
Mexico,Valle de Mexico,2010, Cuidados de la salud,87,1.2,0.9,1.0,1.3,1.5,1.6,1.9,1.7,1.6,4.1,0.9013,0.8201
Mexico,Valle de Mexico,2010, Transporte y comunicaciones,491,10.9,12.9,14.7,15.2,15.0,15.7,15.9,15.8,14.8,12.8,0.5286,0.5130
Mexico,Valle de Mexico,2010, Educacion y esparcimiento,413,5.1,5.8,6.5,7.2,7.7,7.6,8.6,10.2,12.3,16.6,0.7752,0.7090
Mexico,Valle de Mexico,2010, Cuidados personales y otros gastos,224,6.1,5.9,5.9,5.7,5.4,5.8,5.4,6.4,6.9,7.1,0.5962,0.5938
Mexico,Valle de Mexico,2010, Autoconsumo,14,0.2,0.2,0.6,0.3,0.4,0.5,0.8,0.9,0.5,0.1,0.9791,0.6646
Mexico,Guadalajara,2010," Alimentos, bebidas y tabaco",756.4,37.6,36.7,33.0,37.0,27.2,34.6,29.8,24.2,25.8,15.5,0.3432,0.3350
Mexico,Guadalajara,2010, Vestido y calzado,138.2,1.0,2.9,3.6,4.1,4.0,4.9,5.7,3.9,5.0,5.0,0.6303,0.5728
Mexico,Guadalajara,2010," Vivienda, combustibles y energía",731.8,26.6,28.1,22.7,26.7,29.8,21.7,24.3,25.6,23.2,23.3,0.4500,0.4500
Mexico,Guadalajara,2010, Limpieza y enseres domésticos,144.6,4.9,3.9,3.9,4.2,3.3,3.4,5.5,4.6,3.9,6.2,0.6130,0.6033
Mexico,Guadalajara,2010, Cuidados de la salud,61.5,0.4,1.6,0.8,1.3,1.4,1.2,1.3,3.2,2.2,2.6,0.8214,0.7292
Mexico,Guadalajara,2010, Transporte y comunicaciones,519.8,13.4,8.3,17.1,13.8,17.9,13.8,13.2,17.8,16.1,21.9,0.5612,0.5433
Mexico,Guadalajara,2010, Educacion y esparcimiento,397.0,6.0,9.3,5.8,6.0,9.5,12.8,11.4,13.7,15.4,16.8,0.6909,0.6179
Mexico,Guadalajara,2010, Cuidados personales y otros gastos,232.6,8.6,8.2,10.7,5.6,7.0,5.9,6.9,6.9,8.2,8.6,0.5393,0.5375
Mexico,Guadalajara,2010, Autoconsumo,18.5,1.5,1.0,2.5,1.2,0.0,1.6,1.8,0.0,0.2,0.1,0.9281,0.5639
Mexico,Monterrey,2010," Alimentos, bebidas y tabaco",767,32.7,26.4,24.9,26.4,28.4,23.1,22.8,23.7,19.8,16.7,0.4137,0.4130
Mexico,Monterrey,2010, Vestido y calzado,167,3.2,4.6,3.8,3.9,4.0,4.0,4.2,5.3,4.5,5.2,0.6453,0.5768
Mexico,Monterrey,2010," Vivienda, combustibles y energía","1,011",26.7,28.2,27.9,26.6,28.1,33.3,25.1,24.1,31.0,28.5,0.4840,0.4834
Mexico,Monterrey,2010, Limpieza y enseres domésticos,217,4.4,5.0,4.9,4.3,4.7,6.5,5.0,4.8,4.8,8.0,0.6132,0.6096
Mexico,Monterrey,2010, Cuidados de la salud,85,1.9,1.6,1.9,0.7,0.3,2.1,2.3,3.4,0.5,3.7,0.9031,0.7857
Mexico,Monterrey,2010, Transporte y comunicaciones,577,14.6,15.4,21.8,15.2,16.6,15.8,20.0,20.0,16.2,13.3,0.4663,0.4469
Mexico,Monterrey,2010, Educacion y esparcimiento,448,7.1,9.7,6.5,14.9,7.9,8.1,11.1,11.2,15.0,15.1,0.6958,0.6432
Mexico,Monterrey,2010, Cuidados personales y otros gastos,298,9.3,7.4,8.2,7.5,8.4,7.1,8.4,7.4,7.0,9.5,0.5420,0.5376
Mexico,Monterrey,2010, Autoconsumo,17,0.0,1.7,0.0,0.4,1.6,0.0,1.0,0.1,1.2,0.1,0.9708,0.6626
Mexico,Puebla-Tlaxcala,2010," Alimentos, bebidas y tabaco",690,38.0,33.9,35.6,34.7,37.4,34.1,30.9,27.3,30.1,22.9,0.3463,0.3444
Mexico,Puebla-Tlaxcala,2010, Vestido y calzado,143,5.8,8.1,5.9,5.4,4.3,6.5,4.5,7.0,8.4,5.2,0.5638,0.5194
Mexico,Puebla-Tlaxcala,2010," Vivienda, combustibles y energía",527,25.6,26.1,25.8,24.8,22.0,23.3,22.7,21.1,20.0,22.3,0.4079,0.4079
Mexico,Puebla-Tlaxcala,2010, Limpieza y enseres domésticos,114,4.5,3.8,4.0,3.6,2.9,4.2,5.2,3.8,5.4,6.0,0.5856,0.5856
Mexico,Puebla-Tlaxcala,2010, Cuidados de la salud,43,0.7,1.5,1.7,0.6,1.7,1.2,1.8,1.6,2.3,2.3,0.8424,0.7241
Mexico,Puebla-Tlaxcala,2010, Transporte y comunicaciones,336,11.8,7.1,12.1,13.9,14.4,15.7,18.6,16.2,15.5,12.7,0.4994,0.4913
Mexico,Puebla-Tlaxcala,2010, Educacion y esparcimiento,330,7.3,14.1,7.9,9.5,10.7,7.7,10.2,14.5,12.2,20.9,0.7043,0.6170
Mexico,Puebla-Tlaxcala,2010, Cuidados personales y otros gastos,146,6.1,4.9,6.3,7.1,6.1,6.0,5.6,5.7,4.8,7.5,0.5013,0.5004
Mexico,Puebla-Tlaxcala,2010, Autoconsumo,21,0.3,0.5,0.8,0.3,0.5,1.4,0.5,3.0,1.3,0.2,0.9303,0.4491
Nicaragua,Nicaragua,2009,Alimentos,635.8,60.4,59.3,56.9,56.9,57.2,53.1,50.5,48.3,41.8,30.4,0.2888,0.2888
Nicaragua,Nicaragua,2009,Vivienda,225.6,13.0,11.7,12.7,12.2,11.3,12.9,13.9,13.9,16.6,21.7,0.5662,0.5662
Nicaragua,Nicaragua,2009,Servicios de la vivienda,134.3,8.2,7.1,7.7,7.6,8.0,8.5,8.7,9.3,10.2,11.5,0.5267,0.5267
Nicaragua,Nicaragua,2009,Salud,73.9,3.2,5.2,4.7,4.4,4.6,4.9,5.2,5.1,5.3,6.1,0.7432,0.6682
Nicaragua,Nicaragua,2009,Educacion,75.6,3.5,3.9,3.9,4.4,4.1,4.9,5.0,5.3,6.3,6.3,0.6907,0.6078
Nicaragua,Nicaragua,2009,Transporte,69.4,1.9,2.6,3.2,3.0,3.4,4.0,4.5,4.8,5.6,6.7,0.7382,0.5838
Nicaragua,Nicaragua,2009,Equipamiento,49.6,1.0,1.0,1.5,1.7,1.6,2.1,2.5,3.2,4.1,5.9,0.7421,0.7351
Nicaragua,Nicaragua,2009,Transferencias,0.5,0.0,0.0,0.0,0.0,0.0,0.0,0.0,0.0,0.1,0.1,0.9955,0.6979
Nicaragua,Nicaragua,2009,Otros,144.1,8.9,9.3,9.5,9.8,9.8,9.5,9.7,10.1,10.0,11.4,0.4827,0.4811
Nicaragua,Manague,2009,Alimentos,743,52.2,52.4,52.0,49.4,47.5,45.8,43.1,40.3,37.0,25.8,0.2730,0.2730
Nicaragua,Manague,2009,Vivienda,379,15.1,14.2,13.9,15.0,16.1,16.7,17.8,19.7,20.5,26.2,0.5383,0.5383
Nicaragua,Manague,2009,Servicios de la vivienda,212,11.6,11.0,10.7,10.3,10.5,10.4,10.7,10.3,10.9,12.5,0.4387,0.4387
Nicaragua,Manague,2009,Salud,84,3.4,3.1,3.4,4.1,3.9,4.2,4.5,4.5,4.8,5.1,0.7363,0.6727
Nicaragua,Manague,2009,Educacion,109,4.6,4.6,4.6,4.9,5.5,5.8,6.1,6.3,6.5,5.8,0.6431,0.5554
Nicaragua,Manague,2009,Transporte,109,3.4,4.2,4.4,4.4,4.8,4.8,4.9,5.8,5.9,7.5,0.6524,0.5931
Nicaragua,Manague,2009,Equipamiento,79,1.5,1.8,2.2,2.6,2.7,3.0,3.9,4.1,4.7,6.2,0.6582,0.6540
Nicaragua,Manague,2009,Transferencias,0,0.0,0.0,0.0,0.0,0.0,0.0,0.0,0.0,0.0,0.1,0.9941,0.6883
Nicaragua,Manague,2009,Otros,184,8.2,8.8,8.9,9.2,9.0,9.4,8.9,8.9,9.8,11.0,0.4763,0.4752
Panamá,Panamá,2008,Alimentos,59.5,56.0,49.8,47.4,43.6,42.0,38.2,35.9,32.3,27.0,18.9,0.3629,0.3629
Panamá,Panamá,2008,Articulos y Servicios,33.2,12.1,12.4,12.8,14.3,14.9,15.1,16.7,16.2,16.8,18.3,0.5830,0.5821
Panamá,Panamá,2008,Bienes duraderos,11.4,0.9,1.3,1.6,2.4,2.4,2.9,3.7,4.8,6.0,8.9,0.7868,0.7816
Panamá,Panamá,2008,Vivienda,34.9,14.0,14.2,14.7,14.7,16.1,16.4,16.2,16.7,16.9,19.7,0.5946,0.5946
Panamá,Panamá,2008,Salud,4.0,0.3,0.6,0.6,0.7,0.7,1.0,0.9,1.4,1.6,3.6,0.8695,0.8200
Panamá,Panamá,2008,Transporte,27.3,4.3,7.2,8.0,9.9,9.6,11.3,11.8,13.4,16.0,16.2,0.6760,0.6232
Panamá,Panamá,2008,Educacion,11.7,8.1,8.6,7.8,6.7,6.2,6.9,6.6,6.4,6.8,4.3,0.6986,0.5879
Panamá,Panamá,2008,Servicios básicos,17.8,4.4,5.9,7.1,7.7,8.0,8.2,8.4,8.7,9.0,10.1,0.6000,0.5976
Panamá,Panamá (Provincia),2008,Alimentos,68.9,46.9,45.7,41.9,38.4,37.3,34.2,31.5,27.4,22.9,17.2,0.3312,0.3312
Panamá,Panamá (Provincia),2008,Articulos y Servicios,42.8,12.4,12.8,14.0,14.7,15.1,16.6,15.8,15.8,15.6,19.0,0.5581,0.5575
Panamá,Panamá (Provincia),2008,Bienes duraderos,15.3,1.2,1.3,2.2,2.3,2.3,3.5,4.3,4.9,7.1,9.0,0.7608,0.7594
Panamá,Panamá (Provincia),2008,Vivienda,48.4,14.9,15.0,16.6,17.2,17.5,16.7,17.1,17.4,19.4,21.1,0.5673,0.5673
Panamá,Panamá (Provincia),2008,Salud,6.0,0.6,0.6,0.8,0.8,1.0,0.8,1.5,1.5,2.5,4.0,0.8470,0.8176
Panamá,Panamá (Provincia),2008,Transporte,37.4,9.0,9.6,11.0,11.8,12.0,12.5,14.3,16.4,15.6,15.8,0.6103,0.5929
Panamá,Panamá (Provincia),2008,Educacion,14.3,8.2,7.3,5.4,5.9,6.4,7.1,6.5,7.3,6.7,3.4,0.6800,0.5569
Panamá,Panamá (Provincia),2008,Servicios básicos,24.6,6.8,7.7,8.0,8.8,8.3,8.7,8.9,9.3,10.2,10.5,0.5609,0.5598
Perú,Perú,2010,Alimentos,135.5,57.3,55.3,52.7,48.6,46.2,43.1,40.7,37.6,33.7,22.6,0.3159,0.3142
Perú,Perú,2010,Vestido y calzado,20.1,6.6,6.8,6.6,6.1,6.2,5.8,5.9,5.5,5.2,4.3,0.5478,0.5185
Perú,Perú,2010,Vivienda y combustible,78.8,11.5,12.2,13.9,16.2,16.9,18.7,19.7,20.8,21.8,26.1,0.5801,0.5801
Perú,Perú,2010,"Muebles, enseres y mantenimiento de la vivienda",17.4,4.4,4.3,4.0,4.0,3.8,3.6,3.8,3.7,4.1,6.2,0.5999,0.5894
Perú,Perú,2010,Salud,39.8,6.6,6.7,7.6,8.7,8.8,10.2,10.0,10.7,11.3,12.4,0.6510,0.6380
Perú,Perú,2010,Transporte y comunicaciones,28.4,4.0,4.3,4.8,5.1,5.7,6.0,6.4,7.2,7.9,10.2,0.6547,0.6246
Perú,Perú,2010,Educacion y esparcimiento,35.9,6.3,6.4,6.1,6.7,7.1,7.4,8.2,9.0,10.4,12.5,0.6719,0.6542
Perú,Perú,2010,Otros,20.0,3.2,3.9,4.3,4.7,5.3,5.2,5.5,5.5,5.6,5.7,0.5945,0.5839
Perú,Lima,2010,Alimentos,176.7,41.5,42.4,42.3,40.7,39.1,37.9,35.1,34.0,28.5,18.6,0.2864,0.2854
Perú,Lima,2010,Vestido y calzado,25.4,4.9,4.5,4.9,5.0,4.9,5.5,4.9,4.4,3.7,4.0,0.5766,0.5371
Perú,Lima,2010,Vivienda y combustible,139.1,24.4,22.8,22.2,22.5,22.1,22.9,22.7,23.3,26.0,26.5,0.4636,0.4636
Perú,Lima,2010,"Muebles, enseres y mantenimiento de la vivienda",26.4,3.1,3.1,2.9,3.1,3.3,3.2,3.2,3.7,4.3,7.4,0.6570,0.6290
Perú,Lima,2010,Salud,64.0,9.7,9.7,10.5,9.9,10.3,10.2,11.9,10.6,11.5,12.5,0.5852,0.5778
Perú,Lima,2010,Transporte y comunicaciones,45.1,4.2,4.8,5.1,5.1,6.1,6.1,6.6,7.6,8.4,11.1,0.6149,0.6054
Perú,Lima,2010,Educacion y esparcimiento,65.7,7.8,7.7,7.8,9.0,9.4,9.3,10.8,11.6,12.3,14.6,0.6387,0.6215
Perú,Lima,2010,Otros,28.3,4.4,4.9,4.4,4.7,4.8,5.0,4.7,4.7,5.3,5.2,0.5536,0.5249
